{
  "timestamp": "2025-11-10T10:53:25.023069",
  "camera": {
    "index": 1,
    "frame_width": 640,
    "frame_height": 480
  },
  "platform": {
    "center_px": [
      308,
      232
    ],
    "diameter_px": 506,
    "radius_m": 0.3,
    "pixel_to_meter_ratio": 0.0011857707509881422
  },
  "ball_detection": {
    "lower_hsv": [
      4,
      150,
      118
    ],
    "upper_hsv": [
      29,
      255,
      209
    ]
  }
}